{"_wandb": {"runtime": 157}, "train/box_loss": 1.03622, "train/cls_loss": 2.51465, "train/dfl_loss": 1.37686, "_timestamp": 1717771000.1322563, "lr/pg0": 0.00036472222222222223, "lr/pg1": 0.00036472222222222223, "lr/pg2": 0.00036472222222222223, "metrics/precision(B)": 0.66688, "metrics/recall(B)": 0.35287, "metrics/mAP50(B)": 0.4017, "metrics/mAP50-95(B)": 0.27738, "val/box_loss": 1.17983, "val/cls_loss": 2.57032, "val/dfl_loss": 1.57796, "labels": {"_type": "image-file", "sha256": "7472baa07276592aa57ff6c96b7d6969046547c70a3bc81d20b34cf49a9e90a4", "size": 222634, "path": "media/images/labels_1_7472baa07276592aa57f.jpg", "format": "jpg", "width": 1600, "height": 1600}, "train_batch0": {"_type": "image-file", "sha256": "6f710d1567f7ef401c9126b6fb49086cd2a4443ebdb584151e6473b759d2de73", "size": 457240, "path": "media/images/train_batch0_1_6f710d1567f7ef401c91.jpg", "format": "jpg", "width": 1920, "height": 1920}, "train_batch1": {"_type": "image-file", "sha256": "85828db0f07fa682465eb6e4b39b9b783291706d2969ea794928278ecf933632", "size": 432756, "path": "media/images/train_batch1_1_85828db0f07fa682465e.jpg", "format": "jpg", "width": 1920, "height": 1920}, "train_batch2": {"_type": "image-file", "sha256": "60d45219bead77dcee497c4d0b8c044913d5c1521389cd5c9a820dd54a56c509", "size": 454381, "path": "media/images/train_batch2_1_60d45219bead77dcee49.jpg", "format": "jpg", "width": 1920, "height": 1920}, "model/parameters": 3011823, "model/GFLOPs": 8.198, "model/speed_PyTorch(ms)": 1.008, "_runtime": 151.73127126693726, "_step": 1}